{"cameraMode":{"drawMode":0,"name":"Shaded","section":"Shading Mode"},"sceneLighting":true,"audioPlay":false,"sceneViewState":{"m_AlwaysRefresh":false,"showFog":true,"showSkybox":true,"showFlares":true,"showImageEffects":true,"showParticleSystems":true,"showVisualEffectGraphs":true,"m_FxEnabled":true},"in2DMode":false,"pivot":{"x":0.6597484350204468,"y":0.7637196779251099,"z":0.09066314995288849},"rotation":{"x":0.4534439742565155,"y":-0.546311616897583,"z":0.5089467167854309,"w":0.4867451786994934},"size":1.7221002578735352,"orthographic":false}